<vector xmlns:android="http://schemas.android.com/apk/res/android"
    xmlns:aapt="http://schemas.android.com/aapt"
    android:width="56dp"
    android:height="56dp"
    android:viewportWidth="56"
    android:viewportHeight="56">
  <path
      android:strokeWidth="1"
      android:pathData="M4,8.5L52,8.5A3.5,3.5 0,0 1,55.5 12L55.5,44A3.5,3.5 0,0 1,52 47.5L4,47.5A3.5,3.5 0,0 1,0.5 44L0.5,12A3.5,3.5 0,0 1,4 8.5z"
      android:fillColor="#ffffff"
      android:strokeColor="#F5F5F5"/>
  <group>
    <clip-path
        android:pathData="M4,8.5L52,8.5A3.5,3.5 0,0 1,55.5 12L55.5,44A3.5,3.5 0,0 1,52 47.5L4,47.5A3.5,3.5 0,0 1,0.5 44L0.5,12A3.5,3.5 0,0 1,4 8.5z"/>
    <path
        android:pathData="M0,21.333H56V8H0V21.333Z"
        android:fillColor="#1B57C4"
        android:fillType="evenOdd"/>
    <path
        android:pathData="M0,48H56V34.667H0V48Z"
        android:fillColor="#1B57C4"
        android:fillType="evenOdd"/>
    <path
        android:pathData="M24.8,23.733C23.504,24.706 22.667,26.255 22.667,28C22.667,30.945 25.054,33.333 28,33.333C30.945,33.333 33.333,30.945 33.333,28C33.333,26.255 32.495,24.706 31.2,23.733L29.333,29.333H26.667L24.8,23.733Z"
        android:fillType="evenOdd">
      <aapt:attr name="android:fillColor">
        <gradient
            android:startX="22.667"
            android:startY="23.733"
            android:endX="22.667"
            android:endY="33.333"
            android:type="linear">
          <item android:offset="0" android:color="#FF3C7839"/>
          <item android:offset="1" android:color="#FF31642E"/>
        </gradient>
      </aapt:attr>
    </path>
    <path
        android:pathData="M28,22.667L29.333,29.333H26.667L28,22.667Z"
        android:fillColor="#F9C92E"
        android:fillType="evenOdd"/>
  </group>
</vector>
